-- MySQL dump 10.13  Distrib 8.0.23, for Win64 (x86_64)
--
-- Host: localhost    Database: dbscale_dev
-- ------------------------------------------------------
-- Server version	5.7.33-log

/*!40101 SET @OLD_CHARACTER_SET_CLIENT=@@CHARACTER_SET_CLIENT */;
/*!40101 SET @OLD_CHARACTER_SET_RESULTS=@@CHARACTER_SET_RESULTS */;
/*!40101 SET @OLD_COLLATION_CONNECTION=@@COLLATION_CONNECTION */;
/*!50503 SET NAMES utf8 */;
/*!40103 SET @OLD_TIME_ZONE=@@TIME_ZONE */;
/*!40103 SET TIME_ZONE='+00:00' */;
/*!40014 SET @OLD_UNIQUE_CHECKS=@@UNIQUE_CHECKS, UNIQUE_CHECKS=0 */;
/*!40014 SET @OLD_FOREIGN_KEY_CHECKS=@@FOREIGN_KEY_CHECKS, FOREIGN_KEY_CHECKS=0 */;
/*!40101 SET @OLD_SQL_MODE=@@SQL_MODE, SQL_MODE='NO_AUTO_VALUE_ON_ZERO' */;
/*!40111 SET @OLD_SQL_NOTES=@@SQL_NOTES, SQL_NOTES=0 */;

--
-- Dumping data for table `def_serv`
--

LOCK TABLES `def_serv` WRITE;
/*!40000 ALTER TABLE `def_serv` DISABLE KEYS */;
INSERT INTO `def_serv` VALUES ('cmha','CMHA',0,1,1030,NULL),('mysql','MySQL',1,1,1010,NULL),('proxysql','ProxySQL',0,1,1020,NULL),('redis','Redis',1,1,1040,NULL),('redis-sentinel','RedisSentinel',0,1,1050,NULL);
/*!40000 ALTER TABLE `def_serv` ENABLE KEYS */;
UNLOCK TABLES;

--
-- Dumping data for table `tbl_app`
--

LOCK TABLES `tbl_app` WRITE;
/*!40000 ALTER TABLE `tbl_app` DISABLE KEYS */;
INSERT INTO `tbl_app` VALUES (100000000,'资源管理','menu','resource','resource.svg',NULL,21,NULL,NULL,0),(101000000,'业务区管理','page','/app/resource/business_areas','business_area.svg',NULL,11,NULL,NULL,100000000),(101000001,'查询','button','btnSearch',NULL,NULL,NULL,NULL,NULL,101000000),(101000011,'新增','button','btnAdd',NULL,'tabletop',NULL,11,NULL,101000000),(101000021,'启用','button','btnEnabled',NULL,'tabletop,row',NULL,21,11,101000000),(101000031,'停用','button','btnDisabled',NULL,'tabletop,row',NULL,31,21,101000000),(101000041,'更多','navigation','navMore',NULL,'row',NULL,NULL,31,101000000),(101000051,'编辑','button','btnUpdate',NULL,'row',NULL,NULL,11,101000041),(101000900,'删除','button','btnDelete',NULL,'tabletop,row',NULL,900,900,101000041),(102000000,'备份存储','page','/app/resource/backup_storage','backup_storage.svg',NULL,21,NULL,NULL,100000000),(102010000,'NFS','tab','tabNfs',NULL,NULL,11,NULL,NULL,102000000),(102010001,'查询','button','btnSearch',NULL,NULL,NULL,NULL,NULL,102010000),(102010011,'新增','button','btnAdd',NULL,'tabletop',NULL,11,NULL,102010000),(102010021,'启用','button','btnEnabled',NULL,'tabletop,row',NULL,21,11,102010000),(102010031,'停用','button','btnDisabled',NULL,'tabletop,row',NULL,31,21,102010000),(102010900,'删除','button','btnDelete',NULL,'tabletop,row',NULL,900,900,102010000),(103000000,'集群管理','page','/app/resource/clusters','cluster.svg',NULL,31,NULL,NULL,100000000),(103000001,'查询','button','btnSearch',NULL,NULL,NULL,NULL,NULL,103000000),(103000011,'新增','button','btnAdd',NULL,'tabletop',NULL,11,NULL,103000000),(103000021,'启用','button','btnEnabled',NULL,'tabletop,row',NULL,21,11,103000000),(103000031,'停用','button','btnDisabled',NULL,'tabletop,row',NULL,31,21,103000000),(103000041,'更多','navigation','navMore',NULL,'row',NULL,NULL,31,103000000),(103000051,'编辑','button','btnUpdate',NULL,'row',NULL,NULL,11,103000041),(103000900,'删除','button','btnDelete',NULL,'tabletop,row',NULL,900,900,103000041),(104000000,'网段管理','page','/app/resource/networks','network.svg',NULL,41,NULL,NULL,100000000),(104000001,'查询','button','btnSearch',NULL,NULL,NULL,NULL,NULL,104000000),(104000011,'新增','button','btnAdd',NULL,'tabletop',NULL,11,NULL,104000000),(104000021,'启用','button','btnEnabled',NULL,'tabletop,row',NULL,21,11,104000000),(104000031,'停用','button','btnDisabled',NULL,'tabletop,row',NULL,31,21,104000000),(104000041,'更多','navigation','navMore',NULL,'row',NULL,NULL,31,104000000),(104000051,'编辑','button','btnUpdate',NULL,'row',NULL,NULL,11,104000041),(104000900,'删除','button','btnDelete',NULL,'tabletop,row',NULL,900,900,104000041),(105000000,'镜像管理','page','/app/resource/images','image.svg',NULL,51,NULL,NULL,100000000),(105000001,'查询','button','btnSearch',NULL,NULL,NULL,NULL,NULL,105000000),(105000011,'注册','button','btnAdd',NULL,'tabletop',NULL,11,NULL,105000000),(105000021,'启用','button','btnEnabled',NULL,'tabletop,row',NULL,21,11,105000000),(105000031,'停用','button','btnDisabled',NULL,'tabletop,row',NULL,31,21,105000000),(105000041,'配置','button','btnTemplate',NULL,'row',NULL,NULL,31,105000000),(105000900,'注销','button','btnDelete',NULL,'tabletop,row',NULL,900,900,105000000),(105010001,'查询','button','btnSearch',NULL,NULL,NULL,NULL,NULL,105000041),(105010002,'编辑','button','btnUpdate',NULL,NULL,NULL,NULL,NULL,105000041),(106000000,'存储管理','page','/app/resource/storage/volumepaths','storage.svg',NULL,61,NULL,NULL,100000000),(106000001,'查询','button','btnSearch',NULL,NULL,NULL,NULL,NULL,106000000),(106000011,'新增','button','btnAdd',NULL,'tabletop',NULL,11,NULL,106000000),(106000021,'启用','button','btnEnabled',NULL,'tabletop,row',NULL,21,11,106000000),(106000031,'停用','button','btnDisabled',NULL,'tabletop,row',NULL,31,21,106000000),(106000041,'更多','navigation','navMore',NULL,'row',NULL,NULL,31,106000000),(106000051,'编辑','button','btnUpdate',NULL,'row',NULL,NULL,11,106000041),(106000900,'删除','button','btnDelete',NULL,'tabletop,row',NULL,900,900,106000041),(106000999,'RG管理','button','btnRG',NULL,'row',NULL,NULL,10,106000000),(106010001,'查询','button','btnSearch',NULL,NULL,NULL,NULL,NULL,106000999),(106010011,'新增','button','btnAdd',NULL,'tabletop',NULL,11,NULL,106000999),(106010021,'启用','button','btnEnabled',NULL,'tabletop,row',NULL,21,11,106000999),(106010031,'停用','button','btnDisabled',NULL,'tabletop,row',NULL,31,21,106000999),(106010041,'更多','navigation','navMore',NULL,'row',NULL,NULL,31,106000999),(106010051,'编辑','button','btnUpdate',NULL,'row',NULL,NULL,11,106010041),(106010900,'删除','button','btnDelete',NULL,'tabletop,row',NULL,900,900,106010041),(107000000,'主机管理','page','/app/resource/hosts','host.svg',NULL,71,NULL,NULL,100000000),(107000001,'查询','button','btnSearch',NULL,NULL,NULL,NULL,NULL,107000000),(107000011,'注册','button','btnAdd',NULL,'tabletop',NULL,11,NULL,107000000),(107000021,'监控','button','btnMonitor','monitor.svg','row',NULL,NULL,11,107000000),(107000031,'单元','button','btnUnit','btn_unit.svg','row',NULL,NULL,21,107000000),(107000041,'启用','button','btnEnabled',NULL,'tabletop,row',NULL,21,11,107000061),(107000051,'停用','button','btnDisabled',NULL,'tabletop,row',NULL,31,21,107000061),(107000061,'更多','navigation','navMore',NULL,'row',NULL,NULL,51,107000000),(107000071,'编辑','button','btnUpdate',NULL,'row',NULL,NULL,31,107000000),(107000081,'入库','button','btnIn',NULL,'tabletop,row',NULL,41,31,107000061),(107000091,'出库','button','btnOut',NULL,'tabletop,row',NULL,51,41,107000061),(107000211,'强制重建','button','btnRebuild',NULL,'tabletop,row',NULL,11,11,107000031),(107000900,'注销','button','btnDelete',NULL,'tabletop,row',NULL,900,900,107000061),(108000000,'存储管理','page','/app/resource/storage/pvcs','storage.svg',NULL,61,NULL,NULL,100000000),(108000001,'查询','button','btnSearch',NULL,NULL,NULL,NULL,NULL,108000000),(108000011,'新增','button','btnAdd',NULL,'tabletop',NULL,11,NULL,108000000),(108000021,'启用','button','btnEnabled',NULL,'tabletop,row',NULL,21,11,108000000),(108000031,'停用','button','btnDisabled',NULL,'tabletop,row',NULL,31,21,108000000),(108000041,'更多','navigation','navMore',NULL,'row',NULL,NULL,31,108000000),(108000051,'编辑','button','btnUpdate',NULL,'row',NULL,NULL,11,108000041),(108000900,'删除','button','btnDelete',NULL,'tabletop,row',NULL,900,900,108000041),(200000000,'业务管理','menu','business','business.svg',NULL,31,NULL,NULL,0),(201000000,'业务系统','page','/app/business/business_systems','business_system.svg',NULL,11,NULL,NULL,200000000),(201000001,'查询','button','btnSearch',NULL,NULL,NULL,NULL,NULL,201000000),(201000011,'新增','button','btnAdd',NULL,'tabletop',NULL,11,NULL,201000000),(201000021,'启用','button','btnEnabled',NULL,'tabletop,row',NULL,21,11,201000000),(201000031,'停用','button','btnDisabled',NULL,'tabletop,row',NULL,31,21,201000000),(201000041,'更多','navigation','navMore',NULL,'row',NULL,NULL,31,201000000),(201000051,'编辑','button','btnUpdate',NULL,'row',NULL,NULL,11,201000041),(201000900,'删除','button','btnDelete',NULL,'tabletop,row',NULL,900,900,201000041),(201000999,'子系统','button','btnSubsystem',NULL,'row',NULL,NULL,10,201000000),(201010001,'查询','button','btnSearch',NULL,NULL,NULL,NULL,NULL,201000999),(201010011,'新增','button','btnAdd',NULL,'tabletop',NULL,11,NULL,201000999),(201010021,'启用','button','btnEnabled',NULL,'tabletop,row',NULL,21,11,201000999),(201010031,'停用','button','btnDisabled',NULL,'tabletop,row',NULL,31,21,201000999),(201010041,'更多','navigation','navMore',NULL,'row',NULL,NULL,31,201000999),(201010051,'编辑','button','btnUpdate',NULL,'row',NULL,NULL,11,201010041),(201010900,'删除','button','btnDelete',NULL,'tabletop,row',NULL,900,900,201010041),(202000000,'规模管理','page','/app/business/scales','scale.svg',NULL,21,NULL,NULL,200000000),(202000001,'查询','button','btnSearch',NULL,NULL,NULL,NULL,NULL,202000000),(202000011,'新增','button','btnAdd',NULL,'tabletop',NULL,11,NULL,202000000),(202000021,'启用','button','btnEnabled',NULL,'tabletop,row',NULL,21,11,202000000),(202000031,'停用','button','btnDisabled',NULL,'tabletop,row',NULL,31,21,202000000),(202000900,'删除','button','btnDelete',NULL,'tabletop,row',NULL,900,900,202000000),(300000000,'工单管理','menu','order','order.svg',NULL,41,NULL,NULL,0),(301000000,'MySQL','page','/app/order/mysqls','mysql.svg',NULL,11,NULL,NULL,300000000),(301000001,'查询','button','btnSearch',NULL,NULL,NULL,NULL,NULL,301000000),(301000011,'新增','button','btnAdd',NULL,'tabletop',NULL,11,NULL,301000000),(301000021,'编辑','button','btnUpdate',NULL,'row',NULL,NULL,11,301000061),(301000031,'审批','button','btnApproved',NULL,'row',NULL,NULL,21,301000000),(301000041,'执行','button','btnExecute',NULL,'row',NULL,NULL,31,301000000),(301000051,'跳转','button','btnJump','jump.svg','row',NULL,NULL,11,301000000),(301000061,'更多','navigation','navMore',NULL,'row',NULL,NULL,41,301000000),(301000900,'删除','button','btnDelete',NULL,'tabletop,row',NULL,900,900,301000061),(302000000,'CMHA','page','/app/order/cmhas','cmha.svg',NULL,21,NULL,NULL,300000000),(302000001,'查询','button','btnSearch',NULL,NULL,NULL,NULL,NULL,302000000),(302000011,'新增','button','btnAdd',NULL,'tabletop',NULL,11,NULL,302000000),(302000021,'编辑','button','btnUpdate',NULL,'row',NULL,NULL,11,302000061),(302000031,'审批','button','btnApproved',NULL,'row',NULL,NULL,21,302000000),(302000041,'执行','button','btnExecute',NULL,'row',NULL,NULL,31,302000000),(302000051,'跳转','button','btnJump','jump.svg','row',NULL,NULL,11,302000000),(302000061,'更多','navigation','navMore',NULL,'row',NULL,NULL,41,302000000),(302000900,'删除','button','btnDelete',NULL,'tabletop,row',NULL,900,900,302000061),(303000000,'Redis','page','/app/order/redis','redis.svg',NULL,31,NULL,NULL,300000000),(303000001,'查询','button','btnSearch',NULL,NULL,NULL,NULL,NULL,303000000),(303000011,'新增','button','btnAdd',NULL,'tabletop',NULL,11,NULL,303000000),(303000021,'编辑','button','btnUpdate',NULL,'row',NULL,NULL,11,303000061),(303000031,'审批','button','btnApproved',NULL,'row',NULL,NULL,21,303000000),(303000041,'执行','button','btnExecute',NULL,'row',NULL,NULL,31,303000000),(303000051,'跳转','button','btnJump','jump.svg','row',NULL,NULL,11,303000000),(303000061,'更多','navigation','navMore',NULL,'row',NULL,NULL,41,303000000),(303000900,'删除','button','btnDelete',NULL,'tabletop,row',NULL,900,900,303000061),(399000000,'工单配置','page','/app/order/cfgs','order_cfg.svg',NULL,999,NULL,NULL,300000000),(399010000,'MySQL','tab','tabMySQL',NULL,NULL,11,NULL,NULL,399000000),(399010001,'查询','button','btnSearch',NULL,NULL,NULL,NULL,NULL,399010000),(399010002,'编辑','button','btnUpdate',NULL,NULL,NULL,NULL,NULL,399010000),(399020000,'CMHA','tab','tabCMHA',NULL,NULL,21,NULL,NULL,399000000),(399020001,'查询','button','btnSearch',NULL,NULL,NULL,NULL,NULL,399020000),(399020002,'编辑','button','btnUpdate',NULL,NULL,NULL,NULL,NULL,399020000),(399030000,'Redis','tab','tabRedis',NULL,NULL,31,NULL,NULL,399000000),(399030001,'查询','button','btnSearch',NULL,NULL,NULL,NULL,NULL,399030000),(399030002,'编辑','button','btnUpdate',NULL,NULL,NULL,NULL,NULL,399030000),(400000000,'服务管理','menu','servgroup','servgroup.svg',NULL,51,NULL,NULL,0),(401000000,'MySQL','page','/app/servgroup/mysqls','mysql.svg',NULL,11,NULL,NULL,400000000),(401000001,'查询','button','btnSearch',NULL,NULL,NULL,NULL,NULL,401000000),(401000011,'升级','button','btnImageUpdate',NULL,'row',NULL,NULL,11,401000000),(401000021,'扩容','navigation','navScaleUp',NULL,'row',NULL,NULL,21,401000000),(401000031,'计算扩容','button','btnScaleUp',NULL,'row',NULL,NULL,11,401000021),(401000032,'存储扩容','button','btnScaleUpStorage',NULL,'row',NULL,NULL,21,401000021),(401000041,'更多','navigation','navMore',NULL,'row',NULL,NULL,31,401000000),(401000051,'启动','button','btnStart',NULL,'tabletop,row',NULL,11,11,401000041),(401000061,'停止','button','btnStop',NULL,'tabletop,row',NULL,21,21,401000041),(401000900,'删除','button','btnDelete',NULL,'row',NULL,NULL,900,401000041),(401000999,'管理','button','btnManage',NULL,'row',NULL,NULL,800,401000000),(401010000,'部署架构','tab','tabTopology',NULL,NULL,11,NULL,NULL,401000999),(401020000,'单元管理','tab','tabUnit',NULL,NULL,21,NULL,NULL,401000999),(401020001,'查询','button','btnSearch',NULL,NULL,NULL,NULL,NULL,401020000),(401020011,'监控','navigation','navMonitor','monitor.svg','row',NULL,NULL,11,401020000),(401020012,'单元监控','button','btnMonitor',NULL,'row',NULL,NULL,11,401020011),(401020013,'服务监控','button','btnServiceMonitor',NULL,'row',NULL,NULL,21,401020011),(401020014,'数据卷监控','button','btnDataMonitor',NULL,'row',NULL,NULL,31,401020011),(401020015,'日志卷监控','button','btnLogMonitor',NULL,'row',NULL,NULL,41,401020011),(401020016,'慢日志','button','btnSlowLog',NULL,'row',NULL,NULL,51,401020011),(401020017,'日志查看','button','btnLogView',NULL,'row',NULL,NULL,61,401020011),(401020021,'终端','navigation','navTerminal','terminal.svg','row',NULL,NULL,21,401020000),(401020022,'终端登录','button','btnTerminal',NULL,'row',NULL,NULL,11,401020021),(401020023,'服务登录','button','btnService',NULL,'row',NULL,NULL,21,401020021),(401020031,'启动','button','btnStart',NULL,'tabletop,row',NULL,11,21,401020071),(401020041,'停止','button','btnStop',NULL,'tabletop,row',NULL,21,31,401020071),(401020051,'重建','button','btnRebuild',NULL,'row',NULL,NULL,41,401020071),(401020061,'备份','button','btnBackup',NULL,'row',NULL,NULL,31,401020000),(401020071,'更多','navigation','navMore',NULL,'row',NULL,NULL,41,401020000),(401020081,'还原','button','btnRestore',NULL,'row',NULL,NULL,11,401020071),(401020091,'设置主','button','btnUpdateRole',NULL,'row',NULL,NULL,51,401020071),(401020141,'重建初始化','button','btnRebuildInit',NULL,'row',NULL,NULL,61,401020071),(401030000,'参数配置','tab','tabParamCfg',NULL,NULL,31,NULL,NULL,401000999),(401030001,'查询','button','btnSearch',NULL,NULL,NULL,NULL,NULL,401030000),(401030002,'编辑','button','btnUpdate',NULL,NULL,NULL,NULL,NULL,401030000),(401040000,'库管理','tab','tabDB',NULL,NULL,41,NULL,NULL,401000999),(401040001,'查询','button','btnSearch',NULL,NULL,NULL,NULL,NULL,401040000),(401040011,'新增','button','btnAdd',NULL,'tabletop',NULL,11,NULL,401040000),(401040900,'删除','button','btnDelete',NULL,'tabletop,row',NULL,900,900,401040000),(401040998,'表信息','button','btnTable',NULL,'row',NULL,NULL,11,401040000),(401050000,'用户管理','tab','tabUser',NULL,NULL,51,NULL,NULL,401000999),(401050001,'查询','button','btnSearch',NULL,NULL,NULL,NULL,NULL,401050000),(401050011,'新增','button','btnAdd',NULL,'tabletop',NULL,11,NULL,401050000),(401050021,'编辑','button','btnUpdate',NULL,'row',NULL,NULL,11,401050000),(401050031,'重置密码','button','btnPwd',NULL,'row',NULL,NULL,21,401050000),(401050999,'删除','button','btnDelete',NULL,'tabletop,row',NULL,21,31,401050000),(401060000,'备份策略','tab','tabBackupStrategy',NULL,NULL,61,NULL,NULL,401000999),(401060001,'查询','button','btnSearch',NULL,NULL,NULL,NULL,NULL,401060000),(401060011,'新增','button','btnAdd',NULL,'tabletop',NULL,11,NULL,401060000),(401060021,'启用','button','btnEnabled',NULL,'tabletop,row',NULL,21,11,401060000),(401060031,'停用','button','btnDisabled',NULL,'tabletop,row',NULL,31,21,401060000),(401060041,'更多','navigation','navMore',NULL,'row',NULL,NULL,31,401060000),(401060051,'编辑','button','btnUpdate',NULL,'row',NULL,NULL,11,401060041),(401060900,'删除','button','btnDelete',NULL,'tabletop,row',NULL,900,900,401060041),(401070000,'备份文件','tab','tabBackupFile',NULL,NULL,71,NULL,NULL,401000999),(401070001,'查询','button','btnSearch',NULL,NULL,NULL,NULL,NULL,401070000),(401070011,'导入','button','btnAdd',NULL,'tabletop',NULL,11,NULL,401070000),(401070900,'删除','button','btnDelete',NULL,'tabletop,row',NULL,900,900,401070000),(402000000,'CMHA ','page','/app/servgroup/cmhas','cmha.svg',NULL,21,NULL,NULL,400000000),(402000001,'查询','button','btnSearch',NULL,NULL,NULL,NULL,NULL,402000000),(402000011,'升级','button','btnImageUpdate',NULL,'row',NULL,NULL,11,402000000),(402000021,'扩容','navigation','navScaleUp',NULL,'row',NULL,NULL,21,402000000),(402000031,'计算扩容','button','btnScaleUp',NULL,'row',NULL,NULL,11,402000021),(402000032,'存储扩容','button','btnScaleUpStorage',NULL,'row',NULL,NULL,21,402000021),(402000041,'更多','navigation','navMore',NULL,'row',NULL,NULL,31,402000000),(402000051,'启动','button','btnStart',NULL,'tabletop,row',NULL,11,11,402000041),(402000061,'停止','button','btnStop',NULL,'tabletop,row',NULL,21,21,402000041),(402000900,'删除','button','btnDelete',NULL,'row',NULL,NULL,900,402000041),(402000999,'管理','button','btnManage',NULL,'row',NULL,NULL,800,402000000),(402010000,'部署架构','tab','tabTopology',NULL,NULL,11,NULL,NULL,402000999),(402020000,'单元管理','tab','tabUnit',NULL,NULL,21,NULL,NULL,402000999),(402020001,'查询','button','btnSearch',NULL,NULL,NULL,NULL,NULL,402020000),(402020011,'监控','navigation','navMonitor','monitor.svg','row',NULL,NULL,11,402020000),(402020012,'单元监控','button','btnMonitor',NULL,'row',NULL,NULL,11,402020011),(402020013,'服务监控','button','btnServiceMonitor',NULL,'row',NULL,NULL,21,402020011),(402020014,'数据卷监控','button','btnDataMonitor',NULL,'row',NULL,NULL,31,402020011),(402020015,'日志卷监控','button','btnLogMonitor',NULL,'row',NULL,NULL,41,402020011),(402020016,'慢日志','button','btnSlowLog',NULL,'row',NULL,NULL,51,402020011),(402020017,'日志查看','button','btnLogView',NULL,'row',NULL,NULL,61,402020011),(402020021,'终端','navigation','navTerminal','terminal.svg','row',NULL,NULL,21,402020000),(402020022,'终端登录','button','btnTerminal',NULL,'row',NULL,NULL,11,402020021),(402020023,'服务登录','button','btnService',NULL,'row',NULL,NULL,21,402020021),(402020031,'启动','button','btnStart',NULL,'tabletop,row',NULL,11,21,402020071),(402020041,'停止','button','btnStop',NULL,'tabletop,row',NULL,21,31,402020071),(402020051,'重建','button','btnRebuild',NULL,'row',NULL,NULL,41,402020071),(402020061,'备份','button','btnBackup',NULL,'row',NULL,NULL,31,402020000),(402020071,'更多','navigation','navMore',NULL,'row',NULL,NULL,41,402020000),(402020081,'还原','button','btnRestore',NULL,'row',NULL,NULL,11,402020071),(402020091,'设置主','button','btnUpdateRole',NULL,'row',NULL,NULL,51,402020071),(402020141,'重建初始化','button','btnRebuildInit',NULL,'row',NULL,NULL,61,402020071),(402030000,'参数配置','tab','tabParamCfg',NULL,'',31,NULL,NULL,402000999),(402030001,'查询','button','btnSearch',NULL,NULL,NULL,NULL,NULL,402030000),(402030002,'编辑','button','btnUpdate',NULL,NULL,NULL,NULL,NULL,402030000),(402040000,'库管理','tab','tabDB',NULL,NULL,41,NULL,NULL,402000999),(402040001,'查询','button','btnSearch',NULL,NULL,NULL,NULL,NULL,402040000),(402040011,'新增','button','btnAdd',NULL,'tabletop',NULL,11,NULL,402040000),(402040900,'删除','button','btnDelete',NULL,'tabletop,row',NULL,900,900,402040000),(402040998,'表信息','button','btnTable',NULL,'row',NULL,NULL,11,402040000),(402050000,'用户管理','tab','tabUser',NULL,NULL,51,NULL,NULL,402000999),(402050001,'查询','button','btnSearch',NULL,NULL,NULL,NULL,NULL,402050000),(402050011,'新增','button','btnAdd',NULL,'tabletop',NULL,11,NULL,402050000),(402050021,'编辑','button','btnUpdate',NULL,'row',NULL,NULL,11,402050000),(402050031,'重置密码','button','btnPwd',NULL,'row',NULL,NULL,21,402050000),(402050999,'删除','button','btnDelete',NULL,'tabletop,row',NULL,21,31,402050000),(402060000,'备份策略','tab','tabBackupStrategy',NULL,NULL,61,NULL,NULL,402000999),(402060001,'查询','button','btnSearch',NULL,NULL,NULL,NULL,NULL,402060000),(402060011,'新增','button','btnAdd',NULL,'tabletop',NULL,11,NULL,402060000),(402060021,'启动','button','btnStart',NULL,'tabletop,row',NULL,21,11,402060000),(402060031,'停止','button','btnStop',NULL,'tabletop,row',NULL,31,21,402060000),(402060041,'更多','navigation','navMore',NULL,'row',NULL,NULL,31,402060000),(402060051,'编辑','button','btnUpdate',NULL,'row',NULL,NULL,11,402060041),(402060900,'删除','button','btnDelete',NULL,'tabletop,row',NULL,900,900,402060041),(402070000,'备份文件','tab','tabBackupFile',NULL,NULL,71,NULL,NULL,402000999),(402070001,'查询','button','btnSearch',NULL,NULL,NULL,NULL,NULL,402070000),(402070011,'导入','button','btnAdd',NULL,'tabletop',NULL,11,NULL,402070000),(402070900,'删除','button','btnDelete',NULL,'tabletop,row',NULL,900,900,402070000),(403000000,'Redis','page','/app/servgroup/redis','redis.svg','',31,NULL,NULL,400000000),(403000001,'查询','button','btnSearch',NULL,'',NULL,NULL,NULL,403000000),(403000011,'升级','button','btnImageUpdate',NULL,'row',NULL,NULL,11,403000000),(403000021,'扩容','navigation','navScaleUp',NULL,'row',NULL,NULL,21,403000000),(403000031,'计算扩容','button','btnScaleUp',NULL,'row',NULL,NULL,11,403000021),(403000032,'存储扩容','button','btnScaleUpStorage',NULL,'row',NULL,NULL,21,403000021),(403000041,'更多','navigation','navMore',NULL,'row',NULL,NULL,31,403000000),(403000051,'启动','button','btnStart',NULL,'tabletop,row',NULL,11,11,403000041),(403000061,'停止','button','btnStop',NULL,'tabletop,row',NULL,21,21,403000041),(403000071,'重置密码','button','btnResetPwd',NULL,'row',NULL,NULL,31,403000041),(403000900,'删除','button','btnDelete',NULL,'row',NULL,NULL,900,403000041),(403000999,'管理','button','btnManage',NULL,'row',NULL,NULL,800,403000000),(403010000,'部署架构','tab','tabTopology',NULL,NULL,11,NULL,NULL,403000999),(403020000,'单元管理','tab','tabUnit',NULL,NULL,21,NULL,NULL,403000999),(403020001,'查询','button','btnSearch',NULL,NULL,NULL,NULL,NULL,403020000),(403020011,'监控','navigation','navMonitor','monitor.svg','row',NULL,NULL,11,403020000),(403020012,'单元监控','button','btnMonitor',NULL,'row',NULL,NULL,11,403020011),(403020013,'服务监控','button','btnServiceMonitor',NULL,'row',NULL,NULL,21,403020011),(403020014,'数据卷监控','button','btnDataMonitor',NULL,'row',NULL,NULL,31,403020011),(403020015,'日志卷监控','button','btnLogMonitor',NULL,'row',NULL,NULL,41,403020011),(403020016,'慢日志','button','btnSlowLog',NULL,'row',NULL,NULL,51,403020011),(403020017,'日志查看','button','btnLogView',NULL,'row',NULL,NULL,61,403020011),(403020021,'终端','navigation','navTerminal','terminal.svg','row',NULL,NULL,21,403020000),(403020022,'终端登录','button','btnTerminal',NULL,'row',NULL,NULL,11,403020021),(403020023,'服务登录','button','btnService',NULL,'row',NULL,NULL,21,403020021),(403020031,'启动','button','btnStart',NULL,'tabletop,row',NULL,11,21,403020061),(403020041,'停止','button','btnStop',NULL,'tabletop,row',NULL,21,31,403020061),(403020051,'重建','button','btnRebuild',NULL,'row',NULL,NULL,41,403020061),(403020061,'更多','navigation','navMore',NULL,'row',NULL,NULL,41,403020000),(403020081,'设置主','button','btnUpdateRole',NULL,'row',NULL,NULL,51,403020061),(403020101,'重建初始化','button','btnRebuildInit',NULL,'row',NULL,NULL,61,403020061),(403030000,'参数配置','tab','tabParamCfg',NULL,NULL,31,NULL,NULL,403000999),(403030001,'查询','button','btnSearch',NULL,NULL,NULL,NULL,NULL,403030000),(403030002,'编辑','button','btnUpdate',NULL,NULL,NULL,NULL,NULL,403030000),(900000000,'系统管理','menu','system','system.svg',NULL,999,NULL,NULL,0),(901000000,'用户管理','page','/app/system/users','user.svg',NULL,11,NULL,NULL,900000000),(901000011,'新增','button','btnAdd',NULL,'tabletop',NULL,11,NULL,901000000),(901000021,'启用','button','btnEnabled',NULL,'tabletop,row',NULL,21,11,901000000),(901000031,'停用','button','btnDisabled',NULL,'tabletop,row',NULL,31,21,901000000),(901000041,'更多','navigation','navMore',NULL,'row',NULL,NULL,31,901000000),(901000051,'编辑','button','btnUpdate',NULL,'row',NULL,NULL,11,901000041),(901000061,'修改密码','button','btnUpdatePwd',NULL,'row',NULL,NULL,21,901000041),(902000000,'组别管理','page','/app/system/groups','group.svg',NULL,21,NULL,NULL,900000000),(902000011,'新增','button','btnAdd',NULL,'tabletop',NULL,11,NULL,902000000),(902000041,'编辑','button','btnUpdate',NULL,'row',NULL,NULL,41,902000000),(902000900,'删除','button','btnRemove',NULL,'row',NULL,NULL,900,902000000),(902000999,'人员管理','button','btnUser',NULL,'row',NULL,NULL,11,902000000),(903000000,'角色管理','page','/app/system/roles','role.svg',NULL,31,NULL,NULL,900000000),(903000011,'新增','button','btnAdd',NULL,'tabletop',NULL,11,NULL,903000000),(903000041,'编辑','button','btnUpdate',NULL,'row',NULL,NULL,41,903000000),(903000900,'删除','button','btnRemove',NULL,'row',NULL,NULL,900,903000000),(903000999,'权限配置','button','btnPrivilege',NULL,'row',NULL,NULL,11,903000000),(903010000,'功能配置','tab','tabApp',NULL,NULL,11,NULL,NULL,903000999),(904000000,'任务管理','page','/app/system/tasks','task.svg',NULL,41,NULL,NULL,900000000),(904010000,'任务查询','tab','tabTask',NULL,NULL,11,NULL,NULL,904000000),(904020000,'任务配置','tab','tabTaskCfg',NULL,NULL,21,NULL,NULL,904000000),(905000000,'平台日志','page','/app/system/operatelogs','operatelog.svg',NULL,51,NULL,NULL,900000000),(905010000,'操作记录','tab','tabOperate',NULL,NULL,11,NULL,NULL,905000000),(905020000,'强制重建记录','tab','tabForceRebuild',NULL,NULL,21,NULL,NULL,905000000);
/*!40000 ALTER TABLE `tbl_app` ENABLE KEYS */;
UNLOCK TABLES;

--
-- Dumping data for table `tbl_dict`
--

LOCK TABLES `tbl_dict` WRITE;
/*!40000 ALTER TABLE `tbl_dict` DISABLE KEYS */;
INSERT INTO `tbl_dict` VALUES ('action_type','add_backup_strategy','添加备份策略',13,'2020-01-01 00:00:00','root'),('action_type','arch_up','节点扩展',16,'2020-01-01 00:00:00','root'),('action_type','backup','备份',11,'2020-01-01 00:00:00','root'),('action_type','backup_master','备份主库',18,'2020-01-01 00:00:00','root'),('action_type','cancel_maintenance','取消维护模式',17,'2020-01-01 00:00:00','root'),('action_type','create','创建',3,'2020-01-01 00:00:00','root'),('action_type','force_rebuild','强制重建',19,'2020-01-01 00:00:00','root'),('action_type','image_update','升级',7,'2020-01-01 00:00:00','root'),('action_type','in','入库',1,'2020-01-01 00:00:00','root'),('action_type','link','LINK',4,'2020-01-01 00:00:00','root'),('action_type','out','出库',2,'2020-01-01 00:00:00','root'),('action_type','rebuild','重建',10,'2020-01-01 00:00:00','root'),('action_type','rebuild_init','重建初始化',20,'2020-01-01 00:00:00','root'),('action_type','remove','删除',99,'2020-01-01 00:00:00','root'),('action_type','restore','还原',12,'2020-01-01 00:00:00','root'),('action_type','scale_up_cpumem','计算扩容',8,'2020-01-01 00:00:00','root'),('action_type','scale_up_storage','存储扩容',9,'2020-01-01 00:00:00','root'),('action_type','set_maintenance','设置维护模式',16,'2020-01-01 00:00:00','root'),('action_type','start','启动',5,'2020-01-01 00:00:00','root'),('action_type','stop','停止',6,'2020-01-01 00:00:00','root'),('action_type','update_role','设置角色',14,'2020-01-01 00:00:00','root'),('action_type','save_loadbalancer','创建负载均衡',23,'2020-01-01 00:00:00','root'),('action_type','remove_loadbalancer','删除负载均衡',24,'2020-01-01 00:00:00','root'),('arch_mode','replication','复制',2,'2020-01-01 00:00:00','root'),('arch_mode','single','单节点',1,'2020-01-01 00:00:00','root'),('available_state','offline','离线',2,'2020-01-01 00:00:00','root'),('available_state','online','在线',1,'2020-01-01 00:00:00','root'),('backup_storage_type','nfs','NFS',1,'2020-01-01 00:00:00','root'),('backup_type','full','全备',1,'2020-01-01 00:00:00','root'),('character_set','utf8mb4','utf8mb4',1,'2020-01-01 00:00:00','root'),('data_scope','all','所有数据',3,'2020-01-01 00:00:00','root'),('data_scope','group','本组数据',2,'2020-01-01 00:00:00','root'),('data_scope','oneself','仅本人数据',1,'2020-01-01 00:00:00','root'),('disk_type','local_hdd','本地盘',1,'2020-01-01 00:00:00','root'),('disk_type','local_ssd','固态盘',2,'2020-01-01 00:00:00','root'),('disk_type','remote_storage_high','外置存储(高性能)',3,'2020-01-01 00:00:00','root'),('disk_type','remote_storage_medium','外置存储(一般性能)',4,'2020-01-01 00:00:00','root'),('host_role','dbscale-node','标准',1,'2020-01-01 00:00:00','root'),('mysql_user_properties','10','读写',1,'2020-01-01 00:00:00','root'),('mysql_user_properties','20','只读',2,'2020-01-01 00:00:00','root'),('network_topology','topology_1','拓扑一',1,'2020-01-01 00:00:00','root'),('network_topology','topology_2','拓扑二',2,'2020-01-01 00:00:00','root'),('obj_type','host','主机',1,'2020-01-01 00:00:00','root'),('obj_type','serv','服务',3,'2020-01-01 00:00:00','root'),('obj_type','servGroup','服务组',2,'2020-01-01 00:00:00','root'),('obj_type','unit','单元',4,'2020-01-01 00:00:00','root'),('order_create_type','arch_up','节点扩展',5,'2020-01-01 00:00:00','root'),('order_create_type','delete','删除',9,'2020-01-01 00:00:00','root'),('order_create_type','image_update','升级',4,'2020-01-01 00:00:00','root'),('order_create_type','new','新增',1,'2020-01-01 00:00:00','root'),('order_create_type','scale_up_cpumem','计算扩容',2,'2020-01-01 00:00:00','root'),('order_create_type','scale_up_storage','存储扩容',3,'2020-01-01 00:00:00','root'),('order_state','approved','审批通过',2,'2020-01-01 00:00:00','root'),('order_state','executing','执行中',4,'2020-01-01 00:00:00','root'),('order_state','failed','执行失败',6,'2020-01-01 00:00:00','root'),('order_state','success','执行成功',5,'2020-01-01 00:00:00','root'),('order_state','unapprove','审批拒绝',3,'2020-01-01 00:00:00','root'),('order_state','unapproved','未审批',1,'2020-01-01 00:00:00','root'),('performance','high','高性能',2,'2020-01-01 00:00:00','root'),('performance','medium','一般',1,'2020-01-01 00:00:00','root'),('pod_state','Failed','Failed',4,'2020-01-01 00:00:00','root'),('pod_state','Pending','Pending',1,'2020-01-01 00:00:00','root'),('pod_state','Running','Running',2,'2020-01-01 00:00:00','root'),('pod_state','Succeeded','Succeeded',3,'2020-01-01 00:00:00','root'),('pod_state','Unknown','Unknown',5,'2020-01-01 00:00:00','root'),('reclaim_policy','Delete','Delete',1,'2020-01-01 00:00:00','root'),('reclaim_policy','Retain','Retain',2,'2020-01-01 00:00:00','root'),('region','BJ','北京',2,'2020-01-01 00:00:00','root'),('region','SH','上海',1,'2020-01-01 00:00:00','root'),('remote_storage_type','fc','fc',1,'2020-01-01 00:00:00','root'),('remote_storage_type','iscsi','iscsi',2,'2020-01-01 00:00:00','root'),('replication_mode','async','异步复制',2,'2020-01-01 00:00:00','root'),('replication_mode','semi_sync','半同步复制',1,'2020-01-01 00:00:00','root'),('replication_role','follower','follower',4,'2020-01-01 00:00:00','root'),('replication_role','leader','leader',3,'2020-01-01 00:00:00','root'),('replication_role','master','源节点',1,'2020-01-01 00:00:00','root'),('replication_role','slave','复制节点',2,'2020-01-01 00:00:00','root'),('replication_state','Connecting','连接中',3,'2020-01-01 00:00:00','root'),('replication_state','No','异常',2,'2020-01-01 00:00:00','root'),('replication_state','unknown','未知',4,'2020-01-01 00:00:00','root'),('replication_state','Yes','正常',1,'2020-01-01 00:00:00','root'),('state','critical','异常',3,'2020-01-01 00:00:00','root'),('state','passing','正常',1,'2020-01-01 00:00:00','root'),('state','unknown','未知',4,'2020-01-01 00:00:00','root'),('state','warning','警告',2,'2020-01-01 00:00:00','root'),('sys_architecture','amd64','X86_64',1,'2020-01-01 00:00:00','root'),('task_state','failed','失败',4,'2020-01-01 00:00:00','root'),('task_state','ready','准备',1,'2020-01-01 00:00:00','root'),('task_state','running','中',2,'2020-01-01 00:00:00','root'),('task_state','success','成功',3,'2020-01-01 00:00:00','root'),('task_state','timeout','超时',5,'2020-01-01 00:00:00','root'),('task_state','unknown','未知',6,'2020-01-01 00:00:00','root'),('volume_bingding_mode','Immediate','Immediate',1,'2020-01-01 00:00:00','root');
/*!40000 ALTER TABLE `tbl_dict` ENABLE KEYS */;
UNLOCK TABLES;

--
-- Dumping data for table `tbl_dict_type`
--

LOCK TABLES `tbl_dict_type` WRITE;
/*!40000 ALTER TABLE `tbl_dict_type` DISABLE KEYS */;
INSERT INTO `tbl_dict_type` VALUES ('action_type','动作类型'),('arch_mode','架构模式'),('available_state','可用状态'),('backup_storage_type','备份存储类型'),('backup_type','备份类型'),('character_set','字符集'),('data_scope','可见数据范围'),('disk_type','磁盘类型'),('host_role','主机角色'),('mysql_user_properties','mysql用户属性'),('network_topology','网络拓扑'),('obj_type','对象类型'),('order_create_type','工单类型'),('order_state','工单状态'),('performance','性能等级'),('pod_state','pod状态'),('reclaim_policy','持久化卷回收策略'),('region','地域'),('remote_storage_type','外置存储类型'),('replication_mode','复制模式'),('replication_role','角色'),('replication_state','复制状态'),('state','状态'),('sys_architecture','硬件架构'),('task_state','任务状态'),('volume_bingding_mode','卷绑定模式');
/*!40000 ALTER TABLE `tbl_dict_type` ENABLE KEYS */;
UNLOCK TABLES;

--
-- Dumping data for table `tbl_group`
--

LOCK TABLES `tbl_group` WRITE;
/*!40000 ALTER TABLE `tbl_group` DISABLE KEYS */;
INSERT INTO `tbl_group` VALUES ('system_manage','管理组',NULL,1,'2020-01-01 00:00:00','root');
/*!40000 ALTER TABLE `tbl_group` ENABLE KEYS */;
UNLOCK TABLES;

--
-- Dumping data for table `tbl_group_user`
--

LOCK TABLES `tbl_group_user` WRITE;
/*!40000 ALTER TABLE `tbl_group_user` DISABLE KEYS */;
INSERT INTO `tbl_group_user` VALUES ('system_manage','root');
/*!40000 ALTER TABLE `tbl_group_user` ENABLE KEYS */;
UNLOCK TABLES;

--
-- Dumping data for table `tbl_privilege`
--

LOCK TABLES `tbl_privilege` WRITE;
/*!40000 ALTER TABLE `tbl_privilege` DISABLE KEYS */;
INSERT INTO `tbl_privilege` VALUES ('CREATE','CREATE',1,1,998),('ALTER','ALTER',1,0,50),('ALTER ROUTINE','ALTER ROUTINE',1,0,110),('CREATE','CREATE',1,0,70),('CREATE ROUTINE','CREATE ROUTINE',1,0,100),('CREATE TEMPORARY TABLES','CREATE TEMPORARY TABLES',1,0,999),('CREATE USER','CREATE USER',0,0,999),('CREATE VIEW','CREATE VIEW',1,0,120),('DELETE','DELETE',1,0,40),('DROP','DROP',1,0,80),('EVENT','EVENT',1,0,999),('EXECUTE','EXECUTE',1,0,60),('FILE','FILE',0,0,999),('GRANT OPTION','GRANT OPTION',0,0,999),('INDEX','INDEX',1,0,90),('INSERT','INSERT',1,0,30),('LOCK TABLES','LOCK TABLES',0,0,999),('PROCESS','PROCESS',1,1,999),('REFERENCES','REFERENCES',1,0,999),('REPLICATION CLIENT','REPLICATION CLIENT',1,1,999),('REPLICATION SLAVE','REPLICATION SLAVE',1,1,999),('SELECT','SELECT',1,0,10),('SHOW DATABASES','SHOW DATABASES',0,0,999),('SHOW VIEW','SHOW VIEW',1,0,999),('SHUTDOWN','SHUTDOWN',0,0,999),('SUPER','SUPER',1,1,999),('TRIGGER','TRIGGER',0,0,999),('UPDATE','UPDATE',1,0,20);
/*!40000 ALTER TABLE `tbl_privilege` ENABLE KEYS */;
UNLOCK TABLES;

--
-- Dumping data for table `tbl_role`
--

LOCK TABLES `tbl_role` WRITE;
/*!40000 ALTER TABLE `tbl_role` DISABLE KEYS */;
INSERT INTO `tbl_role` VALUES ('system_super_manager','超级管理员','',1,'all',1,'2020-01-01 00:00:00','root'),('system_user','租户','',0,'group',1,'2020-01-01 00:00:00','root');
/*!40000 ALTER TABLE `tbl_role` ENABLE KEYS */;
UNLOCK TABLES;

--
-- Dumping data for table `tbl_subtask_cfg`
--

LOCK TABLES `tbl_subtask_cfg` WRITE;
/*!40000 ALTER TABLE `tbl_subtask_cfg` DISABLE KEYS */;
INSERT INTO `tbl_subtask_cfg` VALUES ('host','in',1800,NULL),('host','out',1800,NULL),('serv','backup',43200,NULL),('serv','cancel_maintenance',300,NULL),('serv','create',1200,NULL),('serv','image_update',600,NULL),('serv','link',300,NULL),('serv','save_loadbalancer',300,NULL),('serv','remove_loadbalancer',300,NULL),('serv','remove',1200,NULL),('serv','scale_up_cpumem',600,NULL),('serv','scale_up_storage',600,NULL),('serv','set_maintenance',300,NULL),('serv','start',600,NULL),('serv','stop',600,NULL),('unit','backup',43200,NULL),('unit','rebuild',1200,NULL),('unit','restore',43200,NULL),('unit','start',600,NULL),('unit','stop',600,NULL);
/*!40000 ALTER TABLE `tbl_subtask_cfg` ENABLE KEYS */;

--
-- Dumping data for table `tbl_user`
--

LOCK TABLES `tbl_user` WRITE;
/*!40000 ALTER TABLE `tbl_user` DISABLE KEYS */;
INSERT INTO `tbl_user` VALUES ('root','native','b7dec52b22e6286c4ce72a35b8ed88c5','超级管理员','13800000000','root000000@bsgchina.com','信息中心','富麦','02152802287',1,'system_super_manager',0,0,'2020-01-01 00:00:00','root',NULL,NULL);
/*!40000 ALTER TABLE `tbl_user` ENABLE KEYS */;
UNLOCK TABLES;
/*!40103 SET TIME_ZONE=@OLD_TIME_ZONE */;

/*!40101 SET SQL_MODE=@OLD_SQL_MODE */;
/*!40014 SET FOREIGN_KEY_CHECKS=@OLD_FOREIGN_KEY_CHECKS */;
/*!40014 SET UNIQUE_CHECKS=@OLD_UNIQUE_CHECKS */;
/*!40101 SET CHARACTER_SET_CLIENT=@OLD_CHARACTER_SET_CLIENT */;
/*!40101 SET CHARACTER_SET_RESULTS=@OLD_CHARACTER_SET_RESULTS */;
/*!40101 SET COLLATION_CONNECTION=@OLD_COLLATION_CONNECTION */;
/*!40111 SET SQL_NOTES=@OLD_SQL_NOTES */;

-- Dump completed on 2021-05-21 15:03:36
